城市,店名,维度,经度
贵阳市,贵阳国贸逸天城热麦店,26.562769,106.723373
贵阳市,贵阳南国花锦店,26.582358,106.713198
贵阳市,贵阳国贸GO店,26.584673,106.711678
贵阳市,贵阳汇金星力城GO店,26.58177,106.70223
贵阳市,贵阳鸿通城GO店,26.557577,106.708097
贵阳市,贵阳CCPark店,26.64606,106.64913
贵阳市,贵阳荔星名店A馆GO店,26.572277,106.716409
贵阳市,贵阳金阳国贸tpmall店,26.600431,106.623627
苏州市,苏州圆融时代店,31.320721,120.713660
苏州市,苏州印象城热麦店,31.318450,120.657350
苏州市,苏州中心店,31.318780,120.678190
苏州市,苏州永旺梦乐城工业园店,31.322676,120.757233
苏州市,昆山九方城店,31.404823,120.956695
苏州市,苏州天虹CC店,31.3098,120.600041
苏州市,苏州吴江万宝店,31.130013,120.644013
苏州市,苏州苏悦广场店,31.315089,120.668947
苏州市,苏州绿宝店,31.301825,120.549487
苏州市,苏州吴中永旺梦乐城店,31.194815,120.613157
苏州市,张家港杨舍老街店,31.865503,120.549475
苏州市,苏州吴江吾悦广场店,31.137858,120.61773
苏州市,苏州昆山万象汇店,31.381699,120.929383
苏州市,苏州红唐购物中心店,31.292002,120.564755
苏州市,苏州北高铁站吾悦店,31.414039,120.631921
柳州市,柳州万象城店,24.322123,109.449845
柳州市,柳州工贸大厦店,24.312377,109.411339
徐州市,徐州金鹰店,34.266904,117.186597
徐州市,徐州云龙万达店,34.253148,117.246354
石家庄市,石家庄万象城店,38.041603,114.478635
石家庄市,石家庄北国商城店,38.04265,114.5113
石家庄市,石家庄勒泰中心店,38.045569,114.507306
石家庄市,石家庄先天下广场GO店,38.04254,114.526001
珠海市,珠海富华里店,22.233543,113.540993
珠海市,珠海国贸广场店,22.257336,113.580442
珠海市,珠海扬名广场店,22.275495,113.579482
珠海市,珠海迎宾广场店,22.223439,113.55314
珠海市,珠海优特汇店,22.27776,113.55916
珠海市,珠海华发商都店,22.224016,113.510767
珠海市, 珠海天虹GO店,22.240614,113.520946
厦门市,厦门万象城LAB店,24.473215,118.111610
厦门市,厦门SM广场店,24.501613,118.126412
厦门市,厦门磐基名品中心店,24.4825,118.12076
厦门市,厦门中华城热麦店,24.451364,118.083699
厦门市,厦门大学店,24.434481,118.095405
厦门市,厦门湖里万达店,24.504721,118.17754
厦门市,厦门宝龙一城店,24.48525,118.172985
厦门市,厦门中航紫金广场GO店,24.47619,118.19348
厦门市,厦门阿罗海城市广场店,24.479487,118.032031
江门市,江门中天新地店,22.611510,113.082820
江门市,江门汇悦城店,22.611500,113.083010
江门市,江门金蓝海GO店,22.577027,113.08493
江门市,江门地王广场GO店,22.577314,113.085613
江门市,江门江边里创始店,22.585532,113.094832
江门市,江门台山万达GO店,22.22945,112.815649
江门市,江门台山昌大昌广场店,22.245375,112.827262
台州市,台州中盛城市广场店,28.578832,121.379131
湖州市,湖州浙北购物中心店,30.866943,120.098921
海口市,海口N次方公园店,20.025675,110.313456
海口市,海口友谊阳光城店,20.023651,110.323982
桂林市,桂林高新万达店,25.242754,110.319972
嘉兴市,嘉兴八佰伴购物中心店,30.758469,120.731317
嘉兴市,嘉兴八佰伴华府店,30.731571,120.734596
嘉兴市,海宁银泰城店,30.500134,120.693425
沈阳市,沈阳大悦城热麦店,41.803002,123.467032
沈阳市,沈阳万象汇店,41.795572,123.372753
沈阳市,沈阳万象城店,41.774872,123.434523
沈阳市,沈阳长白万象汇店,41.747092,123.399309
杭州市,杭州来福士店,30.248485,120.213354
杭州市,杭州湖滨银泰in77A区黑金店,30.252873,120.162829
杭州市,杭州万象城店,30.253060,120.215070
杭州市,杭州星光大道店,30.20746,120.20947
杭州市,杭州城西银泰城店,30.299943,120.106603
杭州市,杭州金沙天街店,30.309944,120.326198
杭州市,杭州工联CC店,30.253979,120.164664
杭州市,杭州西溪印象城DP店,30.247427,120.048719
杭州市,杭州国大广场热麦店,30.270006,120.16203
杭州市,杭州萧山银隆店,30.170842,120.268064
杭州市,杭州临平银泰城店,30.404601,120.302932
杭州市,杭州滨江宝龙店,30.18774,120.167363
杭州市,杭州金地广场店,30.340308,120.082303
杭州市,杭州龙湖西溪天街店,30.292498,120.068851
杭州市,杭州湖滨银泰in77B区店,30.254257,120.163393
杭州市,杭州亲橙里店,30.280519,120.028145
杭州市,杭州大悦城店,30.302156,120.130131
杭州市,杭州远洋乐堤港GO店,30.304419,120.142357
杭州市,杭州黄龙万科GO店,30.275375,120.126157
杭州市,杭州萧山加州阳光店,30.182626,120.252285
杭州市,杭州萧山机场T3航站楼店,30.23621,120.43624
杭州市,杭州天虹店,30.264894,120.210085
杭州市, 杭州之江银泰店,30.16847,120.102511
杭州市,杭州天目里GO店,30.266675,120.101091
杭州市,杭州西湖银泰城店,30.244068,120.166108
杭州市,杭州金沙印象城店,30.30845,120.336311
杭州市,杭州西溪银泰城店,30.293378,120.076166
杭州市,杭州万象汇店,30.181723,120.269663
武汉市,武汉永旺梦乐城店,30.505091,114.207012
武汉市,武汉楚河汉街LAB店,30.555298,114.344106
武汉市,武汉荟聚中心店,30.617509,114.166441
武汉市,武汉国际广场店,30.579562,114.271227
武汉市,武汉天地店,30.608042,114.310089
武汉市,武汉新世界百货国贸店,30.594982,114.269448
武汉市,武汉销品茂店 ,30.588642,114.343992
武汉市,武汉汉街第三街区店,30.558846,114.336632
武汉市,武汉K11 Select店,30.493471,114.412544
武汉市,武汉昙华林GO店,30.551712,114.316783
武汉市,武汉光谷天地店,30.4755,114.411
武汉市,武汉首义泛悦汇KA街店,30.535397,114.304412
武汉市,武汉泛海城市广场GO店,30.603238,114.255112
武汉市,武汉K11购物艺术中心店,30.578813,114.264611
金华市,金华永盛店,29.10023,119.65299
金华市,义乌义乌之心店,29.308162,120.073378
金华市,金华永康宝龙店,28.89827,120.029836
大连市,大连黄河路锦辉店,38.911229,121.587719
大连市,大连罗斯福店,38.91255,121.586809
大连市,大连高新万达店,38.863132,121.533114
扬州市,扬州京华城店,32.384718,119.374014
扬州市,扬州文昌阁金鹰店,32.393479,119.433103
扬州市,扬州三盛国际广场店,32.381045,119.401443
扬州市,扬州五彩世界店,32.385602,119.382995
中山市,中山利和新地店,22.511439,113.385339
中山市,中山白水井总店,22.516615,113.376988
中山市,中山小榄海港城店,22.67332,113.25627
中山市,中山小榄汇丰城店,22.620284,113.264002
中山市,中山小榄百汇店,22.685457,113.229714
中山市,中山石岐大信店,22.530583,113.381962
中山市,中山天奕星河COCO City GO店,22.51892,113.422671
中山市,中山假日广场店,22.52072,113.389951
中山市,中山华发商都店,22.513881,113.368291
南京市,南京水游城店,32.023523,118.785778
南京市,南京中央商场店,32.039490,118.785420
南京市,南京大洋百货店,32.039089,118.783857
南京市,南京德基广场PINK店,32.045033,118.784845
南京市,南京景枫KINGMO店,31.929269,118.820836
南京市,南京金茂汇店,32.07188,118.78294
南京市,南京仙林金鹰店,32.100154,118.922925
南京市,南京金鹰珠江路店,32.050421,118.784974
南京市,南京弘阳广场店,32.137568,118.725616
南京市,南京新城市广场店,32.056386,118.741261
南京市,南京建邺万达店,32.032255,118.735835
南京市,南京河西中央商场店,32.007334,118.732016
南京市,南京夫子庙秦淮礼物店,32.020871,118.790236
南京市,南京虹悦城店,32.009888,118.765831
南京市,南京茂业天地GO店,32.022395,118.785537
南京市,南京龙湖龙湾天街店,31.938675,118.843508
南京市,南京中央城市奥莱店,32.067523,118.774883
南京市,南京龙湖江北天街店,32.158534,118.698462
南京市,南京雨花世茂GO店,31.971204,118.762422
南京市,南京商厦店,32.090594,118.785582
昆明市,昆明恒隆广场黑金店,25.037116,102.721504
昆明市,昆明同德广场店,25.068822,102.724024
昆明市,昆明顺城购物中心热麦店,25.035526,102.707443
昆明市,昆明新迎新城店,25.0527,102.74
昆明市,昆明南亚风情店,25.00891,102.68359
昆明市,昆明爱琴海购物公园GO店,24.991747,102.685388
昆明市,昆明七彩第壹城店,24.87825,102.824622
昆明市,昆明金鹰购物中心店,25.039591,102.715715
昆明市,昆明七彩ME TOWN店,25.04872,102.72681
昆明市,昆明大悦城店,25.021699,102.713877
惠州市,惠州风尚国际店,23.075430,114.412860
惠州市,惠州华贸店,23.103670,114.415390
惠州市,惠州港惠新天地店,23.06771,114.41601
惠州市,惠州佳兆业GO店,23.116128,114.419024
惠州市,惠州东平店,23.086937,114.430922
惠州市,惠州隆生金山湖中心店,23.055745,114.444317
惠州市,惠州印象汇GO店,22.79446,114.4695
惠州市,惠州大亚湾万达GO店,22.754848,114.479172
太原市,太原茂业天地店,37.825502,112.568681
太原市,太原龙湖万达店,37.884991,112.560888
太原市,太原印象城店,37.787339,112.603409
湛江市,湛江鼎盛广场店,21.21094,110.4023
湛江市,湛江万象金沙湾广场店,21.26788,110.394444
镇江市,镇江万达广场店,32.195714,119.436461
镇江市,镇江八佰伴店,32.20515,119.449287
阳江市,阳江百利广场店,21.854054,111.965183
成都市,成都悠方购物中心店,30.583233,104.057700
成都市,成都IFS黑金店,30.653976,104.081589
成都市,成都万象城店,30.649744,104.114847
成都市,成都大悦城店,30.625246,104.011072
成都市,成都金牛凯德店,30.701941,104.045286
成都市,成都龙湖滨江天街店,30.66538,104.123091
成都市,成都龙湖上城天街店,30.684864,104.071872
成都市,成都九方购物中心GO店,30.590364,104.065622
成都市,成都锦华万达店,30.621429,104.097847
成都市,成都总府王府井GO店,30.65814,104.078979
成都市,成都来福士店,30.631376,104.067375
成都市,成都天府广场店,30.657379,104.066046
成都市,成都环球中心店,30.569813,104.064581
成都市,成都科华王府井GO店,30.618972,104.07663
成都市,成都世豪广场店,30.550921,104.045196
成都市,成都SM广场店,30.66804,104.112345
成都市,成都美年广场GO店,30.536105,104.065199
成都市,成都城西优品道GO店,30.662254,104.007158
成都市,成都龙湖时代天街店,30.751164,103.921599
成都市,成都恒大广场GO店,30.66139,104.074666
成都市,成都新世界百货GO店,30.655736,104.071973
成都市,成都群光广场店,30.65408,104.076807
成都市, 成都龙湖北城天街店,30.711101,104.068709
成都市,成都新都苏宁易购广场店,30.820129,104.176456
成都市,成都都江堰大融城店,30.99051,103.634479
成都市, 成都宽窄巷子店,30.66309,104.05296
成都市,成都奥克斯广场GO店,30.576913,104.061533
成都市,成都伊藤广场店,30.605023,104.156493
成都市,成都西村大院店,30.671057,104.003801
澳T特别行政^,澳门威尼斯人店,22.146057,113.564855
天津市,天津南开大悦城DP店,39.136429,117.179425
天津市,天津乐宾百货店,39.119964,117.194977
天津市,天津中北永旺店,39.14415,117.09034
天津市,天津梅江永旺店,39.027684,117.219478
天津市,天津小白楼国贸店,39.113166,117.216693
天津市,天津嘉里汇店,39.127342,117.216952
天津市,天津永旺泰达店,39.031643,117.730074
天津市,天津万象城店,39.090271,117.213394
天津市,天津鹏欣水游城店,39.148777,117.169649
河源市,河源万隆城店,23.756155,114.705909
汕头市,汕头星湖城店,23.366969,116.748898
汕头市,汕头万达店,23.38117,116.6816
汕头市,汕头苏宁广场店,23.36165,116.7167
汕头市,汕头海纳天地店,23.382584,116.732982
汕头市,汕头群光广场店,23.360801,116.72067
新加坡,爱雍乌节店,1.30408,103.83181
新加坡,西城商场店,1.334290,103.742538
新加坡,新加坡金沙MBS店,1.2827575,103.8576735
宁波市,宁波来福士店,29.882137,121.55795
宁波市,宁波印象城热麦店,29.8339,121.566
宁波市,宁波明州里店,29.825683,121.54251
宁波市,宁波杉井奥特莱斯广场店,29.857896,121.451325
宁波市,宁波鄞州宝龙广场店,29.8352,121.567
宁波市,宁波海曙印象城店,29.897909,121.479185
宁波市,宁波余姚五彩城店,30.066836,121.179805
宁波市,宁波东银泰城店,29.854758,121.621295
上海市,上海人广来福士店,31.232342,121.477250
上海市,上海美罗城店,31.192660,121.439361
上海市,上海打浦桥日月光店,31.207489,121.469019
上海市,上海兴业太古汇店,31.228766,121.463224
上海市,上海正大广场店,31.237033,121.499722
上海市,上海七宝万科店,31.154076,121.349638
上海市,上海长宁龙之梦店,31.218520,121.416250
上海市,上海五角场万达店,31.302150,121.512889
上海市,上海芮欧百货店,31.223280,121.447286
上海市,上海长宁来福士店,31.217160,121.414080
上海市,上海万象城店,31.170717,121.369538
上海市,上海湖滨道店,31.220857,121.479054
上海市,上海迪士尼小镇DP店,31.139472,121.662508
上海市,上海静安嘉里中心店,31.223215,121.449137
上海市,上海仲盛世界商城店,31.106891,121.386934
上海市,上海MORE MEE店,31.227432,121.518799
上海市,上海LCM置汇旭辉店,31.241687,121.555675
上海市,上海新天地广场PINK店,31.222504,121.473959
上海市,上海新达汇・三林店,31.141723,121.525435
上海市,上海静安大悦城店,31.242834,121.472146
上海市,上海宝山龙湖天街店,31.359185,121.361534
上海市,上海环贸IAPM店,31.215947,121.458132
上海市,上海尚浦中心GO店,31.31695,121.50798
上海市,上海浦东嘉里城店,31.212292,121.564075
上海市,上海徐汇日月光店,31.168733,121.433232
上海市,上海世贸商城GO店,31.201859,121.400809
上海市,上海静安大融城店,31.280123,121.427835
上海市,上海陆家嘴中心店,31.231133,121.515366
上海市,上海港汇LAB店,31.19472,121.437191
上海市,上海九亭金地广场店,31.139803,121.319683
上海市,上海金茂大厦GO店,31.23524,121.50548
上海市,上海凌空SOHO GO店,31.22205,121.35332
上海市,上海泰禾大厦GO店,31.242027,121.456921
上海市,上海虹桥天地店,31.192462,121.316211
上海市,上海金虹桥国际中心店,31.209024,121.402429
上海市,上海悦荟广场店,31.236752,121.484027
上海市,上海虹口足球场GO店,31.270284,121.479918
上海市,上海大宁国际店,31.274264,121.453026
上海市,上海汇京国际GO店,31.195913,121.42347
上海市,上海互联宝地GO店,31.272978,121.528847
上海市,上海世纪汇店,31.227066,121.527466
上海市,上海缤谷广场店,31.213901,121.388723
上海市,上海正大乐城店,31.185724,121.457655
上海市,上海漕河泾GO店,31.164171,121.403432
上海市,上海KING88广场GO店,31.228812,121.426982
上海市,上海协信星光广场GO店,31.298215,121.45809
上海市,上海浦东机场S1卫星厅GO店,31.148622,121.802802
上海市,上海海伦中心GO店,31.259243,121.489332
上海市,上海经纬汇店,31.32216,121.399416
上海市,上海上滨生活广场GO店,31.260705,121.504742
上海市,上海东方明珠店,31.239729,121.499649
上海市,上海览海国际广场GO店,31.235014,121.508553
上海市,上海中庚漫游城店,31.131225,121.397966
上海市,上海开元地中海店,31.038328,121.21888
上海市,上海嘉亭荟城市生活广场店,31.287593,121.162415
上海市,上海艾尚天地GO店,31.2573,121.48283
上海市,上海久光百货店,31.224504,121.445848
上海市,上海长风大悦城GO店,31.222688,121.395847
上海市,上海新世界城店,31.23482,121.473583
上海市,上海飞洲国际GO店,31.183233,121.437355
上海市,上海国华广场GO店,31.31166,121.512008
上海市,上海青浦悠迈生活广场GO店,31.160994,121.096818
上海市,上海BFC外滩金融中心GO店,31.226904,121.497985
上海市,上海维Z广场店,31.13061,121.364041
上海市,上海莘庄龙之梦店,31.107799,121.378241
上海市,上海虹口龙之梦店,31.270828,121.478012
上海市,上海大华第一坊GO店,31.2728,121.41133
上海市,上海颐高数码广场GO店,31.297466,121.508789
上海市,上海佳纷天地GO店,31.226893,121.548405
上海市,上海宝杨宝龙广场店,31.395398,121.481844
上海市,上海近铁城市广场店,31.233209,121.382064
上海市,上海中原城市广场店,31.315517,121.521877
上海市,上海新世界大丸百货黑金店,31.23802,121.48496
上海市,上海百联中环店,31.24579,121.38298
上海市,上海长寿路巴黎春天GO店,31.242,121.442
上海市,上海南洋1931GO店,31.186084,121.432541
上海市,上海百联南桥店,30.915655,121.484129
上海市,上海奉贤宝龙店,30.930229,121.462183
上海市,上海七宝宝龙城店,31.158325,121.355321
上海市,上海嘉定宝龙广场GO店,31.34659,121.26086
上海市,上海陆家嘴软件园GO店,31.217444,121.532071
上海市,上海新田360广场店,31.095081,121.503548
上海市,上海高科西路山姆店,31.186685,121.535212
上海市,上海南翔印象城店,31.305542,121.305862
上海市,上海大宁音乐广场GO店,31.279531,121.443909
上海市,上海成山路店,31.178864,121.536078
上海市,上海龙盛国际商业广场店,31.085462,121.398745
上海市,上海青浦吾悦广场店,31.144702,121.096492
上海市,上海尚悦湾广场GO店,31.241424,121.50989
上海市,上海宝山正大乐城店,31.345309,121.371172
上海市,上海富荟广场店,31.20451,121.545519
上海市,上海宝山万达店,31.32399,121.44634
上海市,上海颛桥万达店,31.071643,121.405728
上海市,上海虹桥南丰城店,31.207898,121.407323
上海市,上海晶耀前滩店,31.152241,121.476734
上海市,上海崇明万达店,31.62282,121.42403
上海市,上海品尊国际GO店,31.256087,121.420321
上海市,上海南翔五彩城店,31.311117,121.317574
上海市,上海马桥万达店,31.023386,121.372945
深圳市,宝安海雅店,22.559216,113.90647
深圳市,深圳龙岗宝能店,22.724100,114.248410
深圳市,深圳龙华天虹购物中心店,22.626225,114.020858
深圳市,深圳怡景中心城店,22.535861,114.060428
深圳市,深圳东门1234店,22.544771,114.115745
深圳市,深圳万象城黑金店,22.539490,114.111430
深圳市,深圳绿景虹湾店,22.560686,114.038313
深圳市,深圳南山宝能店,22.500921,113.938313
深圳市,深圳益田假日广场店,22.537812,113.974809
深圳市,深圳来福士广场店,22.511042,113.925706
深圳市,深圳卓悦INTOWN热麦店,22.531818,114.064511
深圳市,万象天地PINK店,22.541500,113.955292
深圳市,深圳天安数码城店,22.534187,114.031697
深圳市,深圳壹方城DP店,22.551365,113.886078
深圳市,深圳金光华店,22.539340,114.118980
深圳市,深圳深业上城DP店,22.556328,114.068384
深圳市,深圳讯美科技GO店,22.545607,113.945605
深圳市,深圳布吉万象汇店,22.592760,114.132163
深圳市,深圳龙城万科里店,22.717176,114.251016
深圳市,深圳中航城天虹店,22.542411,114.083498
深圳市,深圳南山海雅店,22.518752,113.929034
深圳市,深圳中心书城店,22.546137,114.059952
深圳市,深圳机场国内出发厅GO店,22.627572,113.811770
深圳市,深圳湾生态园GO店,22.530507,113.951164
深圳市,深圳海上世界店,22.484059,113.915650
深圳市,深圳中科纳能GO店,22.526511,113.940927
深圳市,深圳丰盛町GO店,22.535485,114.024311
深圳市,深圳盈峰大厦GO店,22.522354,113.939371
深圳市,深圳华强北紫荆城GO店,22.54635,114.088833
深圳市,深圳航天科技广场GO店,22.519287,113.941939
深圳市,深圳园岭星光广场GO店,22.555293,114.104074
深圳市,深圳蛇口网谷GO店,22.494553,113.91841
深圳市,汉国商业中心GO店,22.538770,114.083660
深圳市,深圳ONE AVENUE卓悦中心店,22.53578,114.06496
深圳市,深圳华强北乐淘里GO店,22.542486,114.086065
深圳市,深圳Hi City GO 店,22.546746,114.132332
深圳市,深圳茂业奥特莱斯GO店,22.544145,114.11421
深圳市,深圳湾万象城店,22.516234,113.946338
深圳市,深圳万利达科技大厦GO店,22.540548,113.933728
深圳市,深圳卓悦汇店,22.569674,114.060446
深圳市,深圳欢乐颂店,22.535257,113.920247
深圳市,深圳宝安一乐会GO店,22.581547,113.885791
深圳市,深圳星河WORLD COCO Park店,22.6038,114.06
深圳市,深圳软件产业基地GO店,22.524301,113.941066
深圳市,深圳沙井京基百纳店,22.728155,113.806581
深圳市,深圳深南茂业百货GO店,22.541026,114.092663
深圳市,深圳北站高铁GO店,22.609391,114.029378
深圳市,深圳方大城GO店,22.556174,113.972812
深圳市,深圳福田星河COCO Park店,22.534016,114.053728
深圳市,深圳观澜湖店,22.722616,114.076454
深圳市,深圳新城市广场店,22.539269,114.099088
深圳市,深圳罗湖书城GO店,22.540941,114.10936
深圳市,深圳马成时代广场店,22.521423,114.052926
深圳市,深圳宝安创业天虹店,22.560445,113.894438
深圳市,深圳布吉佳兆业广场GO店,22.607291,114.130933
深圳市,深圳创维半导体大厦GO店,22.537615,113.95299
深圳市,深圳益田・假日里店,22.582424,113.963998
深圳市,深圳宝安大仟里店,22.568123,113.872154
深圳市,深圳光明大仟里店,22.77587,113.893531
深圳市,深圳欢乐海岸LAB店,22.523216,113.992397
深圳市,深圳天安云谷店,22.659974,114.069449
深圳市,深圳益田假日天地GO店,22.66992,113.827609
深圳市,深圳大冲GO店,22.541792,113.951837
深圳市,深圳西丽万科云城GO店,22.573557,113.944659
深圳市,深圳水贝壹号GO店,22.573124,114.125275
深圳市,深圳益田万家GO店,22.523484,114.056969
深圳市,深圳机场国内到达厅店,22.6245,113.812841
深圳市,深圳坂田天虹GO店,22.634464,114.059212
深圳市,深圳汇金广场GO店,22.542882,114.119014
深圳市,深圳福城天虹店,22.699401,114.041036
深圳市,深圳深业东岭GO店,22.548154,114.139946
深圳市,深圳8号仓店,22.61853,114.055154
深圳市,深圳龙岗COCO Park 店,22.691175,114.228485
深圳市,深圳彩田万家GO店,22.544626,114.06877
深圳市,深圳红山6979店,22.6223,114.024
深圳市,深圳悦方广场GO店,22.581022,113.945571
深圳市,深圳HALO广场GO店,22.55873,114.106985
深圳市,深圳万科滨海置地GO店,22.530283,114.025984
深圳市,深圳平安金融中心店,22.532983,114.055611
深圳市,深圳太阳百货店,22.545355,114.118914
深圳市,深圳华南城GO店,22.67571,114.12354
深圳市,深圳龙岗万科广场店,22.715395,114.244289
深圳市,深圳壹方天地A区店,22.64962,114.02679
深圳市,深圳坂田五园万科里GO店,22.617041,114.072869
深圳市,深圳信兴广场GO店,22.542354,114.109859
深圳市,深圳壹海城店,22.552185,114.238091
深圳市,深圳坂田长龙MALLGO店,22.65046,114.066822
深圳市,深圳龙华山姆GO店,22.64572,114.03629
深圳市,深圳印力中心店,22.544847,114.011911
深圳市,深圳西乡天虹店,22.57583,113.86287
深圳市,深圳龙岗翰邻城GO店,22.729734,114.230231
深圳市,深圳莲塘华润万家GO店,22.56302,114.16926
深圳市,深圳龙华星河iCO GO店,22.657932,114.037102
深圳市,深圳松岗天虹GO店,22.762025,113.850755
深圳市,深圳宝安新沙天虹店,22.73064,113.800528
深圳市,深圳光明中粮云景GO店,22.777631,113.889199
深圳市,深圳翠竹华润万家GO店,22.55992,114.129557
深圳市,深圳南山京基百纳店,22.530574,113.969739
深圳市,深圳福田京基KK ONE店,22.528226,114.026198
深圳市,深圳皇庭广场店,22.534028,114.060203
深圳市,深圳喜荟城店,22.566996,114.141958
深圳市, 深圳宝能环球汇店,22.590152,113.998451
深圳市,深圳龙华星河COCO CITY GO店,22.602898,114.046713
深圳市,深圳翠竹沃尔玛GO店,22.571308,114.129599
深圳市,深圳海岸城店,22.51718,113.935142
深圳市,深圳华侨城沃尔玛GO店,22.535351,113.983651
深圳市,深圳宝安万达店,22.570369,113.892282
深圳市,深圳京基KK MALL店,22.545021,114.106708
深圳市,深圳同泰时代广场GO店,22.678837,113.804621
深圳市,深圳东海缤纷天地店,22.536065,114.019696
南昌市,南昌铜锣湾T16广场热麦店,28.700035,115.868384
南昌市,南昌中山路天虹店,28.675117,115.892136
南昌市,南昌王府井店,28.654245,115.904883
南昌市,南昌京东天虹GO店,28.67524,115.968379
南昌市,南昌百货大楼店,28.675848,115.902822
南昌市,南昌苏宁易购PLAZA店,28.692274,115.849082
南昌市,南昌红谷中心天虹GO店,28.689298,115.864316
泉州市,泉州浦西万达店,24.882986,118.598557
泉州市,泉州南益广场店,24.902654,118.607677
泉州市,泉州中骏世界城店,24.91081,118.65024
泉州市,泉州晋江万达店,24.817731,118.574308
泉州市,泉州晋江SM广场店,24.778448,118.566346
广州市,广州东方宝泰店,23.147900,113.324820
广州市,广州石牌桥店,23.132350,113.332250
广州市,广州中华广场店,23.126620,113.282900
广州市,广州领展购物广场店,23.110094,113.239952
广州市,广州花城汇南区店,23.118300,113.324550
广州市,广州乐峰广场店,23.088520,113.260015
广州市,广州天汇igc店,23.116458,113.332928
广州市,广州惠福东热麦店,23.121280,113.268750
广州市,广州白云凯德店,23.181190,113.269580
广州市,广州保利中环店,23.136490,113.281640
广州市,广州万菱汇店,23.132870,113.329820
广州市,广州花城汇北区店,23.125493,113.324612
广州市,广州白云万达店,23.172000,113.267090
广州市,广州维多利店,23.135135,113.320772
广州市,广州百信广场店,23.195108,113.261320
广州市,广州兴盛路热麦店,23.120840,113.331520
广州市,广州番禺祈福店,22.969971,113.333754
广州市,广州汇坊店,23.135673,113.3334
广州市,广州天环广场负二楼PINK店,23.131950,113.325090
广州市,广州恒宝广场店,23.117830,113.241670
广州市,广州富力海珠城店,23.095965,113.273785
广州市,广州番禺奥园店,22.923945,113.359471
广州市,广州番禺友谊店,22.94177,113.36112
广州市,广州凯华国际DP店,23.117579,113.326916
广州市,太阳新天地店,23.123730,113.344000
广州市,广州琶洲保利广场店,23.098084,113.38402
广州市,广州佳兆业广场GO店,23.14031,113.320977
广州市,广州永旺梦乐城店,22.937863,113.387425
广州市,广州汉溪长隆GO店,22.995178,113.332815
广州市,广州中信广场GO店,23.142195,113.323985
广州市,广州壬丰大厦GO店,23.13299,113.33501
广州市,广州广百新一城店,23.094062,113.266183
广州市,广州合生生活天地GO店,23.088881,113.274992
广州市,广州丽影广场店,23.095775,113.319962
广州市,广州融创茂GO店,23.428628,113.233101
广州市,广州邦华环球广场GO店,23.124939,113.316464
广州市,广州立白中心GO店,23.102012,113.237463
广州市,广州番禺万达GO店,23.006688,113.349397
广州市,广州百脑汇GO店,23.13445,113.33925
广州市,广州广垦商务大厦GO店,23.152435,113.333872
广州市,广州东方文德GO店,23.123242,113.272326
广州市,广州亚运城广场GO店,22.94144,113.47585
广州市,广州花城汇中区店,23.12143,113.32402
广州市,广州海珠万达店,23.083384,113.314029
广州市,广州滨江宏岸GO店,23.10385,113.29356
广州市,广州天环广场一楼LAB店,23.131828,113.324507
广州市,广州永庆坊店,23.113827,113.239782
广州市,广州丽丰中心GO店,23.132399,113.309196
广州市,广州5号停机坪GO店,23.182071,113.265976
广州市,广州西村GO店,23.143215,113.242848
广州市,广州悦汇城店,23.150102,113.242897
广州市,广州GOGO新天地店,23.061436,113.392189
广州市,广州万胜广场店,23.097193,113.38275
广州市,广州花都来又来GO店,23.398341,113.232087
广州市,广州中山六路店,23.125847,113.254772
广州市,广州华景新天地GO店,23.141421,113.364487
广州市, 广州东圃天河城百货店,23.121446,113.405216
广州市,广州南沙万达店,22.794488,113.532296
广州市,广州轻纺交易园GO店,23.09228,113.29124
广州市,广州中洲中心GO店,23.097767,113.369163
广州市,广州南浦GO店,23.03513,113.29445
广州市,广州天河城店,23.131828,113.322746
广州市,广州四海城GO店,22.9958,113.33256
广州市,广州百信广场西区GO店,23.195078,113.259012
广州市,广州黄埔万达GO店,23.099296,113.550488
广州市,广州奥园国际中心GO店,23.007708,113.34628
广州市,广州大石建华汇GO店,23.024478,113.316296
广州市,广州黄埔大沙地GO店,23.104315,113.448275
广州市,广州唯品会总部GO店,23.104311,113.349348
合肥市,合肥百盛店,31.864547,117.294529
合肥市,合肥正大广场店,31.782129,117.228905
合肥市,合肥滨湖银泰店,31.714666,117.300972
合肥市,合肥天鹅湖万达店,31.818903,117.22116
合肥市,合肥世纪金源购物中心店,31.743132,117.29027
合肥市,合肥中环城店,31.781706,117.207663
揭阳市,普宁星河COCO City店,23.315417,116.162068
西安市,西安大融城热麦店,34.338861,108.949082
西安市,西安大悦城PINK店,34.21741,108.96273
西安市,西安赛格国际DP店,34.222972,108.947715
西安市,西安龙首印象城店,34.293991,108.948385
西安市,西安金地广场店,34.202796,108.988135
西安市,西安钟楼LAB店,34.2604,108.946427
西安市,西安益田假日世界店,34.269471,108.973292
西安市,西安老城根店,34.285499,108.921568
西安市, 西安益田假日里GO店,34.194309,108.881819
西安市,西安李家村苏宁GO店,34.243493,108.961903
西安市,西安汉神购物广场GO店,34.339862,108.937334
西安市,西安大唐西市GO店,34.246674,108.909222
西安市,西安太白印象城GO店,34.23561,108.9216
西安市,西安中贸广场GO店,34.2438,108.946
西安市,西安阳光天地店,34.170447,108.867345
西安市,西安龙湖香醍天街GO店,34.261642,109.037169
青岛市,青岛万象城店,36.068324,120.378063
青岛市,青岛金狮广场店,36.09547,120.463989
青岛市,青岛海信广场店,36.060679,120.395738
青岛市,青岛CBD万达店,36.088245,120.379058
青岛市,青岛诺德广场GO店,36.092049,120.381386
青岛市,青岛崂山丽达GO店,36.103,120.470672
青岛市,青岛银座和谐广场店,36.161618,120.424533
郑州市,郑州正弘城店,34.796406,113.681086
郑州市,郑州新田360广场店,34.784940,113.681510
郑州市,郑州大卫城热麦店,34.757947,113.665634
郑州市,郑州万象城店,34.754805,113.661799
郑州市,郑州新田绿地新都会店,34.769592,113.766512
郑州市,郑州新世界百货GO店,34.753528,113.682745
郑州市,郑州二七万达店,34.71803,113.642996
郑州市,郑州中原万达店,34.74712,113.600581
郑州市,郑州朗悦公园茂GO店,34.81974,113.554695
茂名市,茂名东汇城店,21.665122,110.949558
温州市,温州万象城店,27.952639,120.684772
温州市,温州财富中心店,27.99848,120.6824
温州市,温州新城吾悦广场店,27.98535,120.723027
重庆市,重庆北城天街店,29.577814,106.533273
重庆市,重庆万象城店,29.514485,106.518285
重庆市,重庆时代天街LAB店,29.535883,106.512061
重庆市,重庆南坪协信店,29.522445,106.572024
重庆市,重庆天和里GO店,29.573928,106.534011
重庆市,重庆国泰广场店,29.55854,106.576143
重庆市,重庆龙湖U城天街店,29.608486,106.293527
重庆市,重庆环球购物中心店,29.55875,106.578106
重庆市,重庆IFS店,29.57579,106.573439
重庆市,重庆龙湖源著天街GO店,29.599781,106.48947
重庆市,重庆南坪万达店,29.524873,106.569691
重庆市,重庆王府井百货GO店,29.556878,106.464303
重庆市,重庆泽科星泽汇GO店,29.58337,106.592034
重庆市,重庆月光之城GO店,29.66502,106.561706
重庆市,重庆融创茂店,29.626448,106.356424
重庆市,重庆新光天地店,29.595121,106.52155
重庆市,重庆爱琴海购物公园GO店,29.642192,106.549471
重庆市,重庆熙街GO店,29.601655,106.301326
重庆市,重庆龙湖金沙天街店,29.553959,106.459833
重庆市,重庆新世纪凯瑞商都店,29.558052,106.463205
福州市,福州东百中心店,26.081503,119.300272
福州市,福州泰禾广场LAB店,26.091061,119.336319
福州市,福州爱琴海店,26.04124,119.279004
福州市,福州台江万达GO店,26.051612,119.343034
福州市,福州永嘉天地GO店,26.068378,119.200471
福州市,福州恒力城店,26.091697,119.306427
福州市,福州世欧广场店,26.071577,119.327011
福州市,福州东百优品城店,26.05229,119.31535
兰州市,兰州中心店,36.067946,103.776024
兰州市,兰州万达广场店,36.063376,103.864532
兰州市,兰州亚欧商厦店,36.05972,103.818006
兰州市,兰州金城中心GO店,36.096103,103.637721
北京市,北京三里屯太古里店,39.935142,116.454655
北京市,北京朝阳大悦城店,39.923994,116.519199
北京市,北京新中关购物中心DP店,39.978497,116.315574
北京市,北京崇文门国瑞店,39.898250,116.419840
北京市,北京望京麒麟社店,39.997376,116.47755
北京市,北京751时尚广场DP店,39.983707,116.498322
北京市,北京君太百货DP店,39.909289,116.373538
北京市,北京长楹天街店,39.925177,116.596978
北京市,北京金地广场店,39.90901,116.474825
北京市,北京五棵松华熙热麦店,39.908954,116.278176
北京市,北京凤凰汇店,39.962994,116.456983
北京市,北京蓝色港湾PINK店,39.949065,116.474143
北京市,北京金源新燕莎店,39.959053,116.287846
北京市,北京龙德广场店,40.060341,116.414775
北京市,北京中海广场GO店,39.911069,116.45643
北京市,北京大兴国际机场店,39.512368,116.419158
北京市,北京荟聚中心店,39.787716,116.326996
北京市,北京星悦荟店,39.99809,116.29071
北京市,北京中骏世界城店,39.917801,116.452026
北京市,北京翠微印象城店,39.91216,116.303002
北京市,北京财富购物中心店,39.917974,116.458731
北京市,北京通州万达店,39.905387,116.643471
北京市,北京远洋未来汇店,39.915925,116.492366
北京市,北京新辰里购物中心GO店,39.991482,116.407008
北京市,北京喜隆多店,39.922485,116.171547
北京市,北京昌平永旺店,40.096749,116.289833
北京市,北京金融街购物中心店,39.91697,116.36224
北京市,北京金隅嘉华大厦GO店,40.036326,116.30869
北京市,北京中海国际大厦GO店,39.93188,116.35761
北京市,北京东直门银座mall店,39.94014,116.435532
北京市,北京蒲黄榆物美GO店,39.865961,116.422741
北京市,北京浦项中心GO店,39.998821,116.488944
北京市,北京房山龙湖天街店,39.746076,116.141726
北京市,北京槐房万达店,39.81353,116.369108
北京市,北京酒仙桥A.T MALL GO店,39.975833,116.490982
北京市,北京大族广场GO店,39.791833,116.511671
北京市,北京翠微百货GO店,39.908248,116.305284
北京市,北京华夏幸福创新中心GO店,39.824618,116.300983
北京市,北京上地华联店,40.028664,116.311236
北京市,北京凯德MALL太阳宫店,39.971492,116.44723
北京市,北京凯德MALL大峡谷店,39.854548,116.366859
北京市,北京东升科技园GO店,40.046747,116.356367
北京市,北京公益西桥GO店,39.832816,116.369022
北京市,北京颐堤港店,39.969387,116.491309
北京市,北京京东总部一期GO店,39.78657,116.56323
北京市,北京丰台永旺GO店,39.817683,116.29247
北京市,北京国贸银泰中心店,39.907692,116.459222
北京市,北京融科店,39.984073,116.326203
北京市,北京中关村壹号GO店,40.075457,116.246014
北京市,北京银泰百货大红门店,39.844355,116.385649
北京市,北京金唐购物中心店,39.8662,116.305
北京市,北京广安门天虹店,39.88868,116.34226
北京市,北京丽泽龙湖天街店,39.867442,116.334766
北京市,北京朝阳门外店,39.922285,116.442472
北京市,北京亦庄华联店,39.805261,116.501989
北京市,北京华贸购物中心店,39.909134,116.479418
北京市,北京中关村创业大街GO店,39.982614,116.307232
北京市,北京王府井APM店,39.914417,116.411878
北京市,北京中关村软件园GO店,40.047472,116.279983
北京市,北京枫蓝国际购物中心店,39.952401,116.35685
北京市,北京小米科技园GO店,40.047816,116.316578
北京市,北京龙湖长安天街店,39.905651,116.122997
北京市,北京清华东南门店,39.996143,116.334524
北京市,北京大兴大悦春风里店,39.730697,116.342663
北京市,北京双桥万达店,39.908378,116.58167
无锡市,无锡苏宁广场店,31.575688,120.302703
无锡市,无锡恒隆广场店,31.574952,120.297810
无锡市,无锡海岸城店,31.487611,120.303522
无锡市,无锡荟聚热麦店,31.582104,120.395073
无锡市,无锡茂业天地店,31.550306,120.309514
无锡市,江阴南门八佰伴店,31.89431,120.27117
无锡市,无锡滨湖万达店,31.562101,120.267011
无锡市,无锡红豆万花城店,31.581351,120.298137
无锡市,无锡万象城店,31.513827,120.282437
无锡市,无锡八佰伴中心店,31.585278,120.350592
常州市,常州泰富百货店,31.778402,119.95504
常州市,常州武进吾悦店,31.728406,119.94252
常州市,常州九洲新世界店,31.764438,119.949996
常州市,常州新北万达店,31.818518,119.97031
常州市,溧阳上河城店,31.426402,119.479161
南通市,南通万象城店,32.049475,120.859175
南通市,南通印象城店,31.98753,120.888107
南通市,南通崇川大有境店,32.002202,120.915319
东莞市,东莞汇一城店,23.007937,113.75564750000001
东莞市,东莞雍华庭GO店,23.031939,113.768787
东莞市,东莞东江之星GO店,23.02137,113.72698
东莞市,东莞翔龙天地店,22.973761,114.005508
东莞市,东莞虎门万达店,22.83344,113.68317
东莞市,东莞长安万科店,22.800662,113.799628
东莞市,东莞东城万达店,23.035669,113.780084
东莞市, 东莞万江华南摩尔店,23.0359,113.725
东莞市,东莞君尚GO店,23.0383,113.772
东莞市,东莞南城莱蒙GO店,23.014944,113.744134
东莞市,东莞虎门君乐汇GO店,22.805221,113.683806
东莞市,东莞厚街万达店 ,22.942018,113.673727
东莞市,东莞鸿福东路GO店,23.011688,113.76072
东莞市,东莞莞城万科店,23.024222,113.765817
长沙市,长沙惠农大厦LAB店,28.19356,112.97666
长沙市,长沙悦方店,28.189667,112.975189
长沙市,长沙国金街店,28.192636,112.976114
长沙市,长沙黄兴铜像店,28.191119,112.976535
长沙市,长沙星沙华润万象汇店,28.249055,113.086794
长沙市,长沙星沙吾悦广场GO店,28.253416,113.102057
长沙市,长沙泊富I CITY店,28.209211,112.984182
长沙市,长沙运达汇GO店,28.16966,113.043532
长沙市,长沙凯德广场店,28.1548,112.995583
香港特别行政^,铜锣湾时代广场GO店,22.275699,114.18704
佛山市,佛山保利水城店,23.0600545,113.148314
佛山市,佛山顺德容桂天佑城店,22.761965,113.269044
佛山市,佛山岭南站店,23.027405,113.112835
佛山市,佛山顺联国际季华店,23.012583,113.114765
佛山市,佛山南海印象汇店,23.032661,113.140699
佛山市,佛山顺德大良东乐路店,22.835020,113.258350
佛山市,佛山东方广场店,23.037954,113.121337
佛山市,佛山顺德大融城店,22.827152,113.27356
佛山市,佛山南海万科广场店,23.036918,113.154851
佛山市,佛山中海环宇城GO店,23.043346,113.157967
佛山市,佛山金铂天地店,23.14191,113.199801
佛山市,佛山创意产业园店,23.01362,113.098503
佛山市,佛山顺德印象城店,22.834178,113.270424
佛山市,佛山海骏达店,22.758541,113.276515
佛山市,佛山映月湖环宇城店 ,23.033071,113.187665
佛山市,佛山三水广场店,23.172096,112.892634
佛山市,佛山凯德MALL180 GO店,23.104345,113.182332
佛山市,佛山顺德欢乐海岸店,22.817927,113.304337
佛山市,佛山东平保利广场店,22.964765,113.13301
南宁市,南宁悦荟店,22.81365,108.32291
南宁市,南宁水晶城店,22.816443,108.369052
南宁市,南宁万象城店,22.81212,108.393188
南宁市,南宁青秀万达店,22.830522,108.370014
南宁市,南宁盛天地店,22.810051,108.3993
南宁市, 南宁会展航洋城店,22.813838,108.384878
绍兴市,绍兴百盛店,30.002993,120.595406
绍兴市,绍兴银泰城店,29.984895,120.580021
绍兴市,绍兴柯桥万达店,30.093195,120.509645
绍兴市,绍兴上虞万和城店,30.033308,120.873004
绍兴市,绍兴上虞新大通购物中心店,30.03326,120.87292
